Keynote: Closing Remarks,https://www.youtube.com/watch?v=a9yfILcQo34&list=PLj6h78yzYM2Pw4mRw4S-1p_xLARMqPkA7&index=1&pp=iAQB
Keynote: Open Source Security Is Not A Spectator Sport - Justin Cappos & Santiago Torres Arias,https://www.youtube.com/watch?v=tqvjzsNmJZ8&list=PLj6h78yzYM2Pw4mRw4S-1p_xLARMqPkA7&index=2&pp=iAQB
Sponsored Keynote: Application Development’s Great Cloud Native Di... Colin Walters & Preethi Thomas,https://www.youtube.com/watch?v=wpXl_8RckB8&list=PLj6h78yzYM2Pw4mRw4S-1p_xLARMqPkA7&index=3&pp=iAQB
Sponsored Keynote: A Developer’s Guide to Securing Your Software Supply Chain - Toddy Mladenov,https://www.youtube.com/watch?v=YQuzhSGGPNk&list=PLj6h78yzYM2Pw4mRw4S-1p_xLARMqPkA7&index=4&pp=iAQB
Keynote: Cloud Native’s Next Decade: Stable, Secure, and...Ready for Disruption? - Nikhita Raghunath,https://www.youtube.com/watch?v=gMIhdUiHPps&list=PLj6h78yzYM2Pw4mRw4S-1p_xLARMqPkA7&index=5&pp=iAQB
Sponsored Keynote: A New Frontier for Kubernetes Network Security- Idit Levine & Keith Babo, Solo.io,https://www.youtube.com/watch?v=psZi_T1np4U&list=PLj6h78yzYM2Pw4mRw4S-1p_xLARMqPkA7&index=6&pp=iAQB
Keynote: Awards Ceremony,https://www.youtube.com/watch?v=p7J0lAU3AWo&list=PLj6h78yzYM2Pw4mRw4S-1p_xLARMqPkA7&index=7&pp=iAQB
Keynote: Centralizing & Simplifying Enterprise AI Workflows with Envoy AI Gateway - Alexa Griffith,https://www.youtube.com/watch?v=do1viOk8nok&list=PLj6h78yzYM2Pw4mRw4S-1p_xLARMqPkA7&index=8&pp=iAQB
Keynote: Above the Clouds: Mountainous Achievements with End Users - Taylor Dolezal,https://www.youtube.com/watch?v=TnYupUh6OIg&list=PLj6h78yzYM2Pw4mRw4S-1p_xLARMqPkA7&index=9&pp=iAQB
Keynote: Opening Remarks Day 2 - Kasper Borg Nissen, Staff Platform Engineer, Lunar,https://www.youtube.com/watch?v=dW0IPLFG9Po&list=PLj6h78yzYM2Pw4mRw4S-1p_xLARMqPkA7&index=10&pp=iAQB
Database DevOps: CD for Stateful Applications - Stephen Atwell & Christopher Crow,https://www.youtube.com/watch?v=oXrHyOrUwB8&list=PLj6h78yzYM2Pw4mRw4S-1p_xLARMqPkA7&index=11&pp=iAQB
Engineering a Kubernetes Operator: Lessons Learned from Versions 1 to 5 - Andrew L'Ecuyer,https://www.youtube.com/watch?v=p2v7bPJkrVU&list=PLj6h78yzYM2Pw4mRw4S-1p_xLARMqPkA7&index=12&pp=iAQB
Evolving Reddit’s Infrastructure via Principled Platform Abstractions - Karan Thukral & Harvey Xia,https://www.youtube.com/watch?v=ruto5Sak-jI&list=PLj6h78yzYM2Pw4mRw4S-1p_xLARMqPkA7&index=13&pp=iAQB
From Chaos to Harmony, Transforming ML Engineering: A Kubernetes Adoption Jou... Paris Nakita Kejser,https://www.youtube.com/watch?v=yqobcMJ_1as&list=PLj6h78yzYM2Pw4mRw4S-1p_xLARMqPkA7&index=14&pp=iAQB
Measuring All the Costs with OpenCost Plugins - Alex Meijer, Stackwatch,https://www.youtube.com/watch?v=yLAx2z4FqSk&list=PLj6h78yzYM2Pw4mRw4S-1p_xLARMqPkA7&index=15&pp=iAQB
Elastic Data Streaming: Autoscaling Apache Kafka - Jakub Scholz, Red Hat,https://www.youtube.com/watch?v=pj6eLTC2tv8&list=PLj6h78yzYM2Pw4mRw4S-1p_xLARMqPkA7&index=16&pp=iAQB
Mastering OpenTelemetry Collector Configuration - Steve Flanders, Cisco,https://www.youtube.com/watch?v=vzJpDNfA5xU&list=PLj6h78yzYM2Pw4mRw4S-1p_xLARMqPkA7&index=17&pp=iAQB
From Silicon to Service: Ensuring Confidentiality in Serverless GPU Cloud Functions - Zvonko Kaiser,https://www.youtube.com/watch?v=nkZdNRXm3jY&list=PLj6h78yzYM2Pw4mRw4S-1p_xLARMqPkA7&index=18&pp=iAQB
All-Your-GPUs-Are-Belong-to-Us: An Inside Look at NVIDIA's Self-H... Ryan Hallisey & Piotr Prokop PL,https://www.youtube.com/watch?v=iLnHtKwmu2I&list=PLj6h78yzYM2Pw4mRw4S-1p_xLARMqPkA7&index=19&pp=iAQB
Better Pod Availability: A Survey of the Many Ways to Manage Workload Disruptions - Zach Loafman,https://www.youtube.com/watch?v=XN1vJmrdhpA&list=PLj6h78yzYM2Pw4mRw4S-1p_xLARMqPkA7&index=20&pp=iAQB
Distributed Cache Empowers AI/ML Workloads on Kubernetes Cluster - Yuichiro Ueno & Toru Komatsu,https://www.youtube.com/watch?v=bjiFFSRyXmo&list=PLj6h78yzYM2Pw4mRw4S-1p_xLARMqPkA7&index=21&pp=iAQB
Engaging the KServe Co... Adam Tetelman, Taneem Ibrahim, Johnu George, Tessa Pham & Andreea Munteanu,https://www.youtube.com/watch?v=S27wzRNsStU&list=PLj6h78yzYM2Pw4mRw4S-1p_xLARMqPkA7&index=22&pp=iAQB
Low-Overhead, Zero-Instrumentation, Continuous Profiling for OpenTelemetry - Christos Kalkanis,https://www.youtube.com/watch?v=WtNDLgdIn24&list=PLj6h78yzYM2Pw4mRw4S-1p_xLARMqPkA7&index=23&pp=iAQB
Now You See Me: Tame MTTR with Real-Time Anomaly Detect... Kruthika Prasanna Simha & Raj Bhensadadia,https://www.youtube.com/watch?v=b3YiI5JKZbc&list=PLj6h78yzYM2Pw4mRw4S-1p_xLARMqPkA7&index=24&pp=iAQB
From Standards to Practice: The Journey to Container Maturity - Carmen Chow & Thomas Robinson, Yelp,https://www.youtube.com/watch?v=QeR3jeLs_l0&list=PLj6h78yzYM2Pw4mRw4S-1p_xLARMqPkA7&index=25&pp=iAQB
Cooperative Scheduling for Stateful Systems - Michael Youssef & Zhantong Shang, LinkedIn,https://www.youtube.com/watch?v=jB2MI7ZKw40&list=PLj6h78yzYM2Pw4mRw4S-1p_xLARMqPkA7&index=26&pp=iAQB
What Agent to Trust with Your K8s: Falco, Tetragon or KubeArmor? - Henrik Rexed, Dynatrace,https://www.youtube.com/watch?v=QKE8WMv-6qw&list=PLj6h78yzYM2Pw4mRw4S-1p_xLARMqPkA7&index=27&pp=iAQB
It's Dangerous to Build It Alone, Take This. - Jeremy Rickard & Ashna Mehrotra, Microsoft,https://www.youtube.com/watch?v=UsHBGZ7np2Q&list=PLj6h78yzYM2Pw4mRw4S-1p_xLARMqPkA7&index=28&pp=iAQB
Creating Paved Paths... Ritesh Patel, Abby Bangser, Viktor Farcic, Nicholas Morey & Praseeda Sathaye,https://www.youtube.com/watch?v=1SFpBk6mQUw&list=PLj6h78yzYM2Pw4mRw4S-1p_xLARMqPkA7&index=29&pp=iAQB
Elevating Kubeflow Spark Operator's Future: Best Practices and Enhanceme... Vara Bonthu & Chaoran Yu,https://www.youtube.com/watch?v=5m05fOVajto&list=PLj6h78yzYM2Pw4mRw4S-1p_xLARMqPkA7&index=30&pp=iAQB
Cash App's Journey Into a Multi-Cluster Ecosystem - Rachel Sheikh, Cash App,https://www.youtube.com/watch?v=9TSNOVJ6BEY&list=PLj6h78yzYM2Pw4mRw4S-1p_xLARMqPkA7&index=31&pp=iAQB
Lessons Learned Adopting OpenTelemetry at Scale - Alex Arnell, Heroku / Salesforce,https://www.youtube.com/watch?v=5iM8n3uCo_U&list=PLj6h78yzYM2Pw4mRw4S-1p_xLARMqPkA7&index=32&pp=iAQB
Automated Multi-Cloud Large Scale K8s Cluster Lifecycle Management - Sourav Khandelwal, Databricks,https://www.youtube.com/watch?v=9E7lenP6pFc&list=PLj6h78yzYM2Pw4mRw4S-1p_xLARMqPkA7&index=33&pp=iAQB
End User TAB Town Hall - Moderated by Taylor Dolezal,https://www.youtube.com/watch?v=Ab6EQoOuIVY&list=PLj6h78yzYM2Pw4mRw4S-1p_xLARMqPkA7&index=34&pp=iAQB
Cognitive and Self-Adaptive System for Effective Distributed-Tracing... Mitul Tandon & Akash Gusain,https://www.youtube.com/watch?v=9V_iLfYsScY&list=PLj6h78yzYM2Pw4mRw4S-1p_xLARMqPkA7&index=35&pp=iAQB
Exceeded Your Validation Cost Budget? Now What? - Joel Speed, Red Hat,https://www.youtube.com/watch?v=IfaPAqDfJHk&list=PLj6h78yzYM2Pw4mRw4S-1p_xLARMqPkA7&index=36&pp=iAQB
GÖDel Scheduler: A Unified Scheduler for Online and Offline Work... Bing Li, Yue Yin & Lintong Jiang,https://www.youtube.com/watch?v=PiUAdclow_4&list=PLj6h78yzYM2Pw4mRw4S-1p_xLARMqPkA7&index=37&pp=iAQB
How Google Built a New Cloud on Top of Kubernetes - Jie Yu & Prashanth Venugopal, Google,https://www.youtube.com/watch?v=6OnZrBY_nFM&list=PLj6h78yzYM2Pw4mRw4S-1p_xLARMqPkA7&index=38&pp=iAQB
Mish-Mesh: Abusing the Service Mesh to Compromise Kubernetes Envir... Hillai Ben-Sasson & Nir Ohfeld,https://www.youtube.com/watch?v=wJGKVQmeDns&list=PLj6h78yzYM2Pw4mRw4S-1p_xLARMqPkA7&index=39&pp=iAQB
Orchestrating Quasi-Real Time Data Processing in the Computing Farm of the ATLAS... Giuseppe Avolio,https://www.youtube.com/watch?v=vUB3NzqMAzo&list=PLj6h78yzYM2Pw4mRw4S-1p_xLARMqPkA7&index=40&pp=iAQB
How the Tables Have Turned: Kubernetes Says Goodbye to Iptables - Casey Davenport & Dan Winship,https://www.youtube.com/watch?v=yOGHb2HjslY&list=PLj6h78yzYM2Pw4mRw4S-1p_xLARMqPkA7&index=41&pp=iAQB
One Gateway API to Rule Them All (and in the Cluster Configure Them) - Flynn, Buoyant,https://www.youtube.com/watch?v=xfv6AT7om4s&list=PLj6h78yzYM2Pw4mRw4S-1p_xLARMqPkA7&index=42&pp=iAQB
You're Overpaying for CI - Kyle Penfound, Dagger,https://www.youtube.com/watch?v=tsH3eTo2GLI&list=PLj6h78yzYM2Pw4mRw4S-1p_xLARMqPkA7&index=43&pp=iAQB
Yahoo’s Kubernetes Journey from on-Prem to Multi-Cloud at... Nandhakumar Venkatachalam & Payal Patel,https://www.youtube.com/watch?v=vySVIZuLRcg&list=PLj6h78yzYM2Pw4mRw4S-1p_xLARMqPkA7&index=44&pp=iAQB
Scratching the Surface: Simulating K8s in MIT Scratch - Mitch Connors, Microsoft & Jude Connors,https://www.youtube.com/watch?v=yTXVvY7gTR8&list=PLj6h78yzYM2Pw4mRw4S-1p_xLARMqPkA7&index=45&pp=iAQB
Multi-Tier Security in WasmCloud: From Developer Constraints to Platform Extensib... Brooks Townsend,https://www.youtube.com/watch?v=tdr_daxJd28&list=PLj6h78yzYM2Pw4mRw4S-1p_xLARMqPkA7&index=46&pp=iAQB
Multi-Zone Clusters Inside and Out - Tom Dean & Phil Henderson, Buoyant,https://www.youtube.com/watch?v=drZJn3JHnXU&list=PLj6h78yzYM2Pw4mRw4S-1p_xLARMqPkA7&index=47&pp=iAQB
One Inventory to Rule Them All: Standardizing Multicluster Manageme... Corentin Debains & Ryan Zhang,https://www.youtube.com/watch?v=nxrAxI1dRcE&list=PLj6h78yzYM2Pw4mRw4S-1p_xLARMqPkA7&index=48&pp=iAQB
Harnessing the Power of Envoy Proxy for Building an LLM Gateway - Idit Levine, Solo.io,https://www.youtube.com/watch?v=b1C7nt8Mv4I&list=PLj6h78yzYM2Pw4mRw4S-1p_xLARMqPkA7&index=49&pp=iAQB
How to Move from Ingress to Gateway API with Minimal Hassle - Keith Mattix, Microsoft,https://www.youtube.com/watch?v=dyye6L6aKkA&list=PLj6h78yzYM2Pw4mRw4S-1p_xLARMqPkA7&index=50&pp=iAQB
Kubernetes Multi-Cluster Networking 101 - Niranjan Shankar, Microsoft & Ram Vennam, Solo.io,https://www.youtube.com/watch?v=cpkKinqdwqA&list=PLj6h78yzYM2Pw4mRw4S-1p_xLARMqPkA7&index=51&pp=iAQB
Microsegment Your Network Like Mastercard with Ad... John Zaiss & Daniel Ruggeri & Surya Seetharaman,https://www.youtube.com/watch?v=ptNWbJS7hiY&list=PLj6h78yzYM2Pw4mRw4S-1p_xLARMqPkA7&index=52&pp=iAQB
Bring the Joy Back to Deployments! - Murriel McCabe, Google Cloud & Elizabeth Ponce, Airbnb,https://www.youtube.com/watch?v=t3dTw6t9xXk&list=PLj6h78yzYM2Pw4mRw4S-1p_xLARMqPkA7&index=53&pp=iAQB
Solving the Kubernetes Networking API R... Doug Smith, Surya Seetharaman, Shane Utt & Lior Lieberman,https://www.youtube.com/watch?v=S5QsqEb8wec&list=PLj6h78yzYM2Pw4mRw4S-1p_xLARMqPkA7&index=54&pp=iAQB
Why Serverless Is Trending Again - Matt Butcher, Fermyon & Jay Jenkins, Akamai,https://www.youtube.com/watch?v=pDoTdTNxDVE&list=PLj6h78yzYM2Pw4mRw4S-1p_xLARMqPkA7&index=55&pp=iAQB
Navigating the Cgroup Transition: Bridging the Gap Between Kubernetes and User Ex... Sohan Kunkerkar,https://www.youtube.com/watch?v=I7LKKa2nARY&list=PLj6h78yzYM2Pw4mRw4S-1p_xLARMqPkA7&index=56&pp=iAQB
Per-Node Api-Server Proxy: Expand the Cluster's Scale and Stability - Weizhou Lan & Iceber Gu,https://www.youtube.com/watch?v=O7w7e2iA7lA&list=PLj6h78yzYM2Pw4mRw4S-1p_xLARMqPkA7&index=57&pp=iAQB
Pod Power: Liberating Kubernetes Users from Container Resource Microma... Dixita Narang & Peter Hunt,https://www.youtube.com/watch?v=-yyLsXTrrSY&list=PLj6h78yzYM2Pw4mRw4S-1p_xLARMqPkA7&index=58&pp=iAQB
How We Made OpenTelemetry Be Our Fitness Tracker for Your CI/CD... Nicolas Woerner & Andreas Grabner,https://www.youtube.com/watch?v=IRNyf_MLHDw&list=PLj6h78yzYM2Pw4mRw4S-1p_xLARMqPkA7&index=59&pp=iAQB
From Chaos to Calm: Building a Unified and Scalable CI/CD Pipeline at Akamai - Tomer Patel,https://www.youtube.com/watch?v=RFVB9CEEn1I&list=PLj6h78yzYM2Pw4mRw4S-1p_xLARMqPkA7&index=60&pp=iAQB
Mastering Cell-Based Architecture: Practical Solutions and Best... Shweta Vohra & Asanka Abeysinghe,https://www.youtube.com/watch?v=Mn1b438uR8s&list=PLj6h78yzYM2Pw4mRw4S-1p_xLARMqPkA7&index=61&pp=iAQB
Navigating Failures in Pods with Devices: Challenges and Solutions - Sergey Kanzhelev & Mrunal Patel,https://www.youtube.com/watch?v=-YCnOYTtVO8&list=PLj6h78yzYM2Pw4mRw4S-1p_xLARMqPkA7&index=62&pp=iAQB
TLS and MTLS: Introduction to Modern Security - Andrew Davis & Sandeep Kanabar,https://www.youtube.com/watch?v=N2x58qHHtiM&list=PLj6h78yzYM2Pw4mRw4S-1p_xLARMqPkA7&index=63&pp=iAQB
Understanding Kubernetes Networking in 30 Minutes - Ricardo Katz & James Strong,https://www.youtube.com/watch?v=Mj04QOqAaJ8&list=PLj6h78yzYM2Pw4mRw4S-1p_xLARMqPkA7&index=64&pp=iAQB
SIG-Apps: Powering Applications with High-Volume Data and APIs - Maciej Szulik & Janet Kuo,https://www.youtube.com/watch?v=NWZhAs69heA&list=PLj6h78yzYM2Pw4mRw4S-1p_xLARMqPkA7&index=65&pp=iAQB
What's New in SIG-Windows - Mark Rossetti, Microsoft & Aravindh Puthiyaparambil, Softdrive,https://www.youtube.com/watch?v=sro9bGd86tA&list=PLj6h78yzYM2Pw4mRw4S-1p_xLARMqPkA7&index=66&pp=iAQB
Scaling and Safeguardin... Wenjia Zhang, Marek Siarkowicz, James Blair, Ivan Valdes Castillo, Wei Fu,https://www.youtube.com/watch?v=q_HZo5Mu8Fk&list=PLj6h78yzYM2Pw4mRw4S-1p_xLARMqPkA7&index=67&pp=iAQB
GitOps at Production Scale with Flux - Leigh Capili, Flox & Priyanka Ravi, G-Research,https://www.youtube.com/watch?v=lTyX3rRakHA&list=PLj6h78yzYM2Pw4mRw4S-1p_xLARMqPkA7&index=68&pp=iAQB
Peak In... Jason Dellaluce, Leonardo Grasso, Luca Guerra, Carlos Tadeu Panato Junior & Melissa Kilby,https://www.youtube.com/watch?v=bpl9nuSIHuU&list=PLj6h78yzYM2Pw4mRw4S-1p_xLARMqPkA7&index=69&pp=iAQB
Open Policy Agent (OPA) Intro, Deep Dive & V1.0 Update - Charlie Egan, Styra,https://www.youtube.com/watch?v=lK4whfB4UWM&list=PLj6h78yzYM2Pw4mRw4S-1p_xLARMqPkA7&index=70&pp=iAQB
Kubernetes SIG Storage: Intro & Deep Dive - Michelle Au, Xing Yang & Hemant Kumar,https://www.youtube.com/watch?v=vQbIhKFfdX8&list=PLj6h78yzYM2Pw4mRw4S-1p_xLARMqPkA7&index=71&pp=iAQB
Cloud Native Storage: The CNCF Storage TAG Projects, Technology... Alex Chircop & Raffaele Spazzoli,https://www.youtube.com/watch?v=ZQOfLObHmzA&list=PLj6h78yzYM2Pw4mRw4S-1p_xLARMqPkA7&index=72&pp=iAQB
0.1 to 1.16: How Has Knative Fulfilled Its Vision? - Calum Murray & Evan Anderson,https://www.youtube.com/watch?v=hjuRKV4yD-k&list=PLj6h78yzYM2Pw4mRw4S-1p_xLARMqPkA7&index=73&pp=iAQB
Cilium: Connecting, Observing, and Se... Ahmed Bebars, Joe Stevens, Bill Mulligan & Anna Kapuscinska,https://www.youtube.com/watch?v=xJ_Jiv7y6N0&list=PLj6h78yzYM2Pw4mRw4S-1p_xLARMqPkA7&index=74&pp=iAQB
Fluent Bit: Better Pipelines for Observability - Eduardo Silva, Chronosphere,https://www.youtube.com/watch?v=XCaA6eXsztE&list=PLj6h78yzYM2Pw4mRw4S-1p_xLARMqPkA7&index=75&pp=iAQB
Securing the Future of Ingress-Nginx - James Strong, Isovalent & Marco Ebert, Giant Swarm,https://www.youtube.com/watch?v=KLwsV6_DntA&list=PLj6h78yzYM2Pw4mRw4S-1p_xLARMqPkA7&index=76&pp=iAQB
SPIRE: Intro & In-Depth Exploration of the Upcoming Forced R... Agustín Martínez Fayó & Marcos Yacob,https://www.youtube.com/watch?v=VWmBc1mexYo&list=PLj6h78yzYM2Pw4mRw4S-1p_xLARMqPkA7&index=77&pp=iAQB
CNCF TAG Network: Intro & Deep Dive - Lee Calcote, Layer5,https://www.youtube.com/watch?v=SlSX1H5ttAk&list=PLj6h78yzYM2Pw4mRw4S-1p_xLARMqPkA7&index=78&pp=iAQB
Cortex Intro: Multi-Tenant Scalable Prometheus - Charlie Le, Apple & Daniel Blando, Amazon,https://www.youtube.com/watch?v=OGAEWCoM6Tw&list=PLj6h78yzYM2Pw4mRw4S-1p_xLARMqPkA7&index=79&pp=iAQB
Longhorn: Intro, Deep Dive and Q+A - Phan Le, SUSE,https://www.youtube.com/watch?v=NPRij3LsYUM&list=PLj6h78yzYM2Pw4mRw4S-1p_xLARMqPkA7&index=80&pp=iAQB
The Path to Helm 4 - Matt Farina, SUSE & Andrew Block, Red Hat,https://www.youtube.com/watch?v=UWfaUgB6MJc&list=PLj6h78yzYM2Pw4mRw4S-1p_xLARMqPkA7&index=81&pp=iAQB
Bare Metal Kubernetes with KOps: Gathering Community Wisdom - Justin Santa Barbara & Ciprian Hacman,https://www.youtube.com/watch?v=UIO3duG-AXs&list=PLj6h78yzYM2Pw4mRw4S-1p_xLARMqPkA7&index=82&pp=iAQB
Intro & Deep Dive - Kubernetes Infrastructure - Arnaud Meukam, Independent & Mahamed Ali, Cisco,https://www.youtube.com/watch?v=XZlalBACTSg&list=PLj6h78yzYM2Pw4mRw4S-1p_xLARMqPkA7&index=83&pp=iAQB
Tutorial: No Mess Rollouts with Gateway API: Leveraging Gateway... Nina Polshakova & Lawrence Gadban,https://www.youtube.com/watch?v=H67jKACtPHs&list=PLj6h78yzYM2Pw4mRw4S-1p_xLARMqPkA7&index=84&pp=iAQB
SIG Autoscaling Projects Update - Jack Francis, Microsoft,https://www.youtube.com/watch?v=3fr2J3G1s1U&list=PLj6h78yzYM2Pw4mRw4S-1p_xLARMqPkA7&index=85&pp=iAQB
Kubernetes SIG Architecture Intro and Updates - John Belamaric, Google & David Eads, Red Hat,https://www.youtube.com/watch?v=B2ejDh3xI60&list=PLj6h78yzYM2Pw4mRw4S-1p_xLARMqPkA7&index=86&pp=iAQB
Navigate Cross SIG Collaboration... Rey Lejano, Savitha Raghunathan, Divya Mohan & Xander Grzywinski,https://www.youtube.com/watch?v=C7-BM4b5Bgc&list=PLj6h78yzYM2Pw4mRw4S-1p_xLARMqPkA7&index=87&pp=iAQB
Applications, Platforms, and Infrastructure... Daniel Oh, Roberth Strand,  Ryan Nowak & Abby Bangser,https://www.youtube.com/watch?v=9kbCT5CFmP4&list=PLj6h78yzYM2Pw4mRw4S-1p_xLARMqPkA7&index=88&pp=iAQB
Artifact Hub: Discover, Analyze, and Share Cloud Native Artifacts - Matt Farina, SUSE,https://www.youtube.com/watch?v=027rAkswODw&list=PLj6h78yzYM2Pw4mRw4S-1p_xLARMqPkA7&index=89&pp=iAQB
Elevate Your Kubernetes Policy Game with Kyve... Charles-Edouard Breteche, Lanting Chiang & Karen Tu,https://www.youtube.com/watch?v=CuW9Hszlnis&list=PLj6h78yzYM2Pw4mRw4S-1p_xLARMqPkA7&index=90&pp=iAQB
Secure Release Processes with in-Toto Policy Verificati... John Kjell & Aditya Sirish A Yelgundhalli,https://www.youtube.com/watch?v=-tGn0kEeA4M&list=PLj6h78yzYM2Pw4mRw4S-1p_xLARMqPkA7&index=91&pp=iAQB
Celebrating Prometheus 3.0: A Deep Dive with the Maintainers - Richard Hartman & Josh Abreu,https://www.youtube.com/watch?v=9ROvfBqpdu4&list=PLj6h78yzYM2Pw4mRw4S-1p_xLARMqPkA7&index=92&pp=iAQB
What's New with Kubectl and Kustomize … and How You Can Help! - Eddie Zaneski & Arda Guclu,https://www.youtube.com/watch?v=EL2mx5Ukho8&list=PLj6h78yzYM2Pw4mRw4S-1p_xLARMqPkA7&index=93&pp=iAQB
Cluster API Deep Dive - Roadmap to API Graduation - Christian Schlotter & Vince Prignano,https://www.youtube.com/watch?v=F2iO_cKKPuI&list=PLj6h78yzYM2Pw4mRw4S-1p_xLARMqPkA7&index=94&pp=iAQB
XRegistry - Looking Beyond CloudEvents - Calum Murray, University of Toronto,https://www.youtube.com/watch?v=FW-yBJNgPaw&list=PLj6h78yzYM2Pw4mRw4S-1p_xLARMqPkA7&index=95&pp=iAQB
How to Expand Your IDP: The New Building Blocks of Backstage- Ben Lambert & Patrik Oldsberg, Spotify,https://www.youtube.com/watch?v=BzPCJMQH8tg&list=PLj6h78yzYM2Pw4mRw4S-1p_xLARMqPkA7&index=96&pp=iAQB
How to Get Started Contributing in the CNCF - Destiny O'Connor & Riaan Kleinhans,https://www.youtube.com/watch?v=8qnSMnWqifg&list=PLj6h78yzYM2Pw4mRw4S-1p_xLARMqPkA7&index=97&pp=iAQB
Guiding Kubernetes: The Steering Committee's Role in Project Evolution - Maciej Szulik,https://www.youtube.com/watch?v=qZNnA562sJY&list=PLj6h78yzYM2Pw4mRw4S-1p_xLARMqPkA7&index=98&pp=iAQB
Best Friends Keep No Secrets: Going Secretless with cert-manager - Ashley Davis & Tim Ramlot, Venafi,https://www.youtube.com/watch?v=VbCtDF8qlWA&list=PLj6h78yzYM2Pw4mRw4S-1p_xLARMqPkA7&index=99&pp=iAQB
The State of Cloud Native Business Value in 2024 - Panel,https://www.youtube.com/watch?v=9ckTT9F4mpI&list=PLj6h78yzYM2Pw4mRw4S-1p_xLARMqPkA7&index=100&pp=iAQB
Observability TAG Round-up and What’s New for AI Observability - Alolita Sharma & Chris Larsen,https://www.youtube.com/watch?v=xFrB0HHQZms&list=PLj6h78yzYM2Pw4mRw4S-1p_xLARMqPkA7&index=101&pp=iAQB
CNI Updates and Direction! - Michael Zappa, Microsoft & Lionel Jouin, Ericcson,https://www.youtube.com/watch?v=Iq3_nOHVnyM&list=PLj6h78yzYM2Pw4mRw4S-1p_xLARMqPkA7&index=102&pp=iAQB
OpenTelemetry Project Update - A. Sharma, J. Paixão Kröhling, T. Young, M. Mclean, D. Dyla,https://www.youtube.com/watch?v=rX7gKt4QlTk&list=PLj6h78yzYM2Pw4mRw4S-1p_xLARMqPkA7&index=103&pp=iAQB
Kubernetes WG Device Management - Advancing K8s Support... John Belamaric, Patrick Ohly, Kevin Klues,https://www.youtube.com/watch?v=zpFj7ZA6E14&list=PLj6h78yzYM2Pw4mRw4S-1p_xLARMqPkA7&index=104&pp=iAQB
Emissary-Ingress: Version 4 and the Road Ahead - Flynn, Buoyant,https://www.youtube.com/watch?v=aQLKdGqdrgw&list=PLj6h78yzYM2Pw4mRw4S-1p_xLARMqPkA7&index=105&pp=iAQB
Using Notary Project to Ensure Authenticity and Integrity of Artifa... Toddy Mladenov & Tjark Rasche,https://www.youtube.com/watch?v=pO3sZsths2s&list=PLj6h78yzYM2Pw4mRw4S-1p_xLARMqPkA7&index=106&pp=iAQB
Tutorial - Eduardo Gutierrez, Tariq Ibrahim, Amanda Moran, Christopher Desiniotis & David Porter,https://www.youtube.com/watch?v=pNDcMgAX_PU&list=PLj6h78yzYM2Pw4mRw4S-1p_xLARMqPkA7&index=107&pp=iAQB
Tutorial: Confidential Containers 101: A Hands-on Workshop - Archana Choudhary & Suraj Deshmukh,https://www.youtube.com/watch?v=n2M_vvUGO4U&list=PLj6h78yzYM2Pw4mRw4S-1p_xLARMqPkA7&index=108&pp=iAQB
Understanding How OpenTelemetry Network Uses eBPF for... Shivanshu Raj Shrivastava & Jonathan Perry,https://www.youtube.com/watch?v=Ljf671BSu2g&list=PLj6h78yzYM2Pw4mRw4S-1p_xLARMqPkA7&index=109&pp=iAQB
Distributed Tracing with Jaeger and OpenTelemetry - Jonah Kowall, Paessler & Pavol Loffay, Red Hat,https://www.youtube.com/watch?v=J2mXmwK3uss&list=PLj6h78yzYM2Pw4mRw4S-1p_xLARMqPkA7&index=110&pp=iAQB
Life of a Packet: Ambient Edition - John Howard, Solo.io & Keith Mattix, Microsoft,https://www.youtube.com/watch?v=5IJwd9X5Yk8&list=PLj6h78yzYM2Pw4mRw4S-1p_xLARMqPkA7&index=111&pp=iAQB
Kubernetes Data Protection WG Deep Dive - Dave Smith-Uchida, Veeam,https://www.youtube.com/watch?v=eCwtL86vXak&list=PLj6h78yzYM2Pw4mRw4S-1p_xLARMqPkA7&index=112&pp=iAQB
Dapr's Road Ahead: GenAI APIs, Distributed Scheduling at Scale and What It Means... Yaron Schneider,https://www.youtube.com/watch?v=OcqXXfyIfgE&list=PLj6h78yzYM2Pw4mRw4S-1p_xLARMqPkA7&index=113&pp=iAQB
The Spice Must Flow Green: CNCF's Environmental Sustaina... Marlow Warnicke (Weston) & Saiyam Pathak,https://www.youtube.com/watch?v=PfuSzPv7fSQ&list=PLj6h78yzYM2Pw4mRw4S-1p_xLARMqPkA7&index=114&pp=iAQB
Squashing Trampoline Pods: The Future of Securely Enabling Hardware Extensi... Joe Betz & David Eads,https://www.youtube.com/watch?v=qRo1Qw_Hr2A&list=PLj6h78yzYM2Pw4mRw4S-1p_xLARMqPkA7&index=115&pp=iAQB
SIG Instrumentation Introduction and Deep... Han Kang, David Ashpole, Richa Banker, Damien Grisonnet,https://www.youtube.com/watch?v=IAGjj4s3F_M&list=PLj6h78yzYM2Pw4mRw4S-1p_xLARMqPkA7&index=116&pp=iAQB
SIG-Node: Intro and Deep Dive - Sergey Kanzhelev & Dawn Chen, Google; Mrunal Patel, Red Hat,https://www.youtube.com/watch?v=k0rWZl8f9l0&list=PLj6h78yzYM2Pw4mRw4S-1p_xLARMqPkA7&index=117&pp=iAQB
SIG-Multicluster Intro and Deep ... Jeremy Olmsted-Thompson & Laura Lorenz, Ryan Zhang, Stephen Kitt,https://www.youtube.com/watch?v=6nuCNCK_sdA&list=PLj6h78yzYM2Pw4mRw4S-1p_xLARMqPkA7&index=118&pp=iAQB
SIG Scheduling Intro & Updates - Aldo Culquicondor, Google & Kensei Nakada, Tetrate.io,https://www.youtube.com/watch?v=mvxC2zsbd3c&list=PLj6h78yzYM2Pw4mRw4S-1p_xLARMqPkA7&index=119&pp=iAQB
SIG Network Intro & Updates - Daman Arora, Shaun Crampton, Nadia Pinaeva, Dan Winship, Antonio Ojea,,https://www.youtube.com/watch?v=ymLA7UA4-ro&list=PLj6h78yzYM2Pw4mRw4S-1p_xLARMqPkA7&index=120&pp=iAQB
From Observability to Enforcement: Lessons Learned Implement... Anna Kapuścińska & Kornilios Kourtis,https://www.youtube.com/watch?v=Hw469I5GKmY&list=PLj6h78yzYM2Pw4mRw4S-1p_xLARMqPkA7&index=121&pp=iAQB
Expanding the Capabilities of Kubernetes Access Control - Jimmy Zelinskie & Lucas Käldström,https://www.youtube.com/watch?v=IXHCSSQeXBg&list=PLj6h78yzYM2Pw4mRw4S-1p_xLARMqPkA7&index=122&pp=iAQB
CEL-Ebrating Simplicity: Mastering Kubernetes Policy Enforcement - Kevin Conner & Anish Ramasekar,https://www.youtube.com/watch?v=7NO8HXzjLAk&list=PLj6h78yzYM2Pw4mRw4S-1p_xLARMqPkA7&index=123&pp=iAQB
Bridging Clouds: TikTok’s Blueprint for Unified OIDC Access on Multi-Cloud Kuberne... Naveen Mogulla,https://www.youtube.com/watch?v=3flO98UANDU&list=PLj6h78yzYM2Pw4mRw4S-1p_xLARMqPkA7&index=124&pp=iAQB
Breaking Free from Vulnerability Scanning Noise: Automated VEX Aggregation for Accu... Teppei Fukuda,https://www.youtube.com/watch?v=-9_r-Cg4A6Y&list=PLj6h78yzYM2Pw4mRw4S-1p_xLARMqPkA7&index=125&pp=iAQB
AuthZEN: The “OpenID Connect” for Authorization - Omri Gazitt, Aserto,https://www.youtube.com/watch?v=MTAXC0ZaXcE&list=PLj6h78yzYM2Pw4mRw4S-1p_xLARMqPkA7&index=126&pp=iAQB
Misadventures in Large Scale Cluster Performance - Shane Corbett, AWS & Dima Ilchenko, Lacework,https://www.youtube.com/watch?v=wvpWmWzOPiQ&list=PLj6h78yzYM2Pw4mRw4S-1p_xLARMqPkA7&index=127&pp=iAQB
Kubernetes at Scale: Practical Solutions for Enhanced C... Henrique Santana & Bruno Gabriel da Silva,https://www.youtube.com/watch?v=1CpPc5hZ8AU&list=PLj6h78yzYM2Pw4mRw4S-1p_xLARMqPkA7&index=128&pp=iAQB
Setting New Standards for Reliability in Cloud Native Multi-Region Applications - Trey Caliva,https://www.youtube.com/watch?v=rLxsIEy20So&list=PLj6h78yzYM2Pw4mRw4S-1p_xLARMqPkA7&index=129&pp=iAQB
Does My K8s Application Need CPR? Performance Evaluation of a Multi-... Braulio Dumba & Ezra Silvera,https://www.youtube.com/watch?v=PEMo5WVNzJg&list=PLj6h78yzYM2Pw4mRw4S-1p_xLARMqPkA7&index=130&pp=iAQB
Automated Multi-Cloud, Multi-Flavor Kubernetes Cluster Upgrades Using Operators - Ziyuan Chen,https://www.youtube.com/watch?v=LldZE-nNNj0&list=PLj6h78yzYM2Pw4mRw4S-1p_xLARMqPkA7&index=131&pp=iAQB
The OTTL Cookbook: A Collection of Solutions to Common Problems - Tyler Helmuth & Evan Bradley,https://www.youtube.com/watch?v=UGTU0-KT_60&list=PLj6h78yzYM2Pw4mRw4S-1p_xLARMqPkA7&index=132&pp=iAQB
Watching the Watchers: How We Do Continuous Reliability at Grafana Labs - Nicole van der Hoeven,https://www.youtube.com/watch?v=pCxmwvqTklo&list=PLj6h78yzYM2Pw4mRw4S-1p_xLARMqPkA7&index=133&pp=iAQB
Using OpenTelemetry for Deep Observability Within Messag... Shivanshu Raj Shrivastava & Ekansh Gupta,https://www.youtube.com/watch?v=4_gpoS1s_F8&list=PLj6h78yzYM2Pw4mRw4S-1p_xLARMqPkA7&index=134&pp=iAQB
Unifying Observability: Correlating Metrics, Traces, and Log... Kruthika Prasanna Simha & Charlie Le,https://www.youtube.com/watch?v=zYF1JIZmpI4&list=PLj6h78yzYM2Pw4mRw4S-1p_xLARMqPkA7&index=135&pp=iAQB
Towards Zero Change Incidents: Intuit's Strategy for Implem... Avik Basu & Saravanan Balasubramanian,https://www.youtube.com/watch?v=5k8Djsjt8eA&list=PLj6h78yzYM2Pw4mRw4S-1p_xLARMqPkA7&index=136&pp=iAQB
Unlocking Cost Savings & New Possibilities: Your Guide to Promet... Callum Styan & Bartłomiej Płotka,https://www.youtube.com/watch?v=o5HpeMtpsTg&list=PLj6h78yzYM2Pw4mRw4S-1p_xLARMqPkA7&index=137&pp=iAQB
Building Resilience: Effective Backup and Disaster Recover... Pavan Navarathna & Shwetha Subramanian,https://www.youtube.com/watch?v=kl32-01tXE4&list=PLj6h78yzYM2Pw4mRw4S-1p_xLARMqPkA7&index=138&pp=iAQB
Effective Data Platforming with Open Source Tools For Faster Insights - Priyanka J. Naik,https://www.youtube.com/watch?v=4X-Y1ziWGbc&list=PLj6h78yzYM2Pw4mRw4S-1p_xLARMqPkA7&index=139&pp=iAQB
AIStore as a Fast Tier Storage Solution: Enhancing Petascale Deep... Abhishek Gaikwad & Aaron Wilson,https://www.youtube.com/watch?v=N-d9cbROndg&list=PLj6h78yzYM2Pw4mRw4S-1p_xLARMqPkA7&index=140&pp=iAQB
When Life Gives You Containers, Make an Open Source RDS: A Kubernetes Love Story - Sergey Pronin,https://www.youtube.com/watch?v=0gSSmdNB-Zo&list=PLj6h78yzYM2Pw4mRw4S-1p_xLARMqPkA7&index=141&pp=iAQB
The Future of DBaaS on Kubernetes - M. Logan, S. Pronin, D. Sigireddi, G. Bartolini,https://www.youtube.com/watch?v=BwKt97LY6aE&list=PLj6h78yzYM2Pw4mRw4S-1p_xLARMqPkA7&index=142&pp=iAQB
Building Resilience for Large-Scale AI Training: GPU Man... Ganeshkumar Ashokavardhanan & Ace Eldeib,https://www.youtube.com/watch?v=iam7A5peA5U&list=PLj6h78yzYM2Pw4mRw4S-1p_xLARMqPkA7&index=143&pp=iAQB
From Observability to Performance - Nadia Pinaeva, Red Hat & Antonio Ojea, Google,https://www.youtube.com/watch?v=uYo2O3jbJLk&list=PLj6h78yzYM2Pw4mRw4S-1p_xLARMqPkA7&index=144&pp=iAQB
Extending the Gateway API: The Power and Challenges of Policies - Kate Osborn, NGINX,https://www.youtube.com/watch?v=haeVAmhihT4&list=PLj6h78yzYM2Pw4mRw4S-1p_xLARMqPkA7&index=145&pp=iAQB
Cilium, eBPF, WireGuard: Can We Tame the Network Encryption Pe... Daniel Borkmann & Anton Protopopov,https://www.youtube.com/watch?v=oXhNVj80Z8A&list=PLj6h78yzYM2Pw4mRw4S-1p_xLARMqPkA7&index=146&pp=iAQB
Optimizing Load Balancing and Autoscaling for Large Language Model (LLM) Inference on... David Gray,https://www.youtube.com/watch?v=TSEGAh1bs4A&list=PLj6h78yzYM2Pw4mRw4S-1p_xLARMqPkA7&index=147&pp=iAQB
Platform Performance Optimization for AI - a Resource Management P... Antti Kervinen & Dixita Narang,https://www.youtube.com/watch?v=__mh4txajIM&list=PLj6h78yzYM2Pw4mRw4S-1p_xLARMqPkA7&index=148&pp=iAQB
Production AI at Scale: Cloudera’s Journey in Building a Robust Infer... Zoram Thanga & Peter Ableda,https://www.youtube.com/watch?v=VnTHlo56AI4&list=PLj6h78yzYM2Pw4mRw4S-1p_xLARMqPkA7&index=149&pp=iAQB
Optimizing LLM Performance in Kubernetes with OpenTelemetry - Ashok Chandrasekar & Liudmila Molkova,https://www.youtube.com/watch?v=6rdeFACyyYg&list=PLj6h78yzYM2Pw4mRw4S-1p_xLARMqPkA7&index=150&pp=iAQB
Container Image Workflows at Scale with Buildpacks - Jesse Brown & Terence Lee, Heroku,https://www.youtube.com/watch?v=lT4ULcmhVT8&list=PLj6h78yzYM2Pw4mRw4S-1p_xLARMqPkA7&index=151&pp=iAQB
Linkerd Update: Ingress, Egress, IPv6, Enhanced Multicluster, Rust, and More - William Morgan,https://www.youtube.com/watch?v=6Q35q0dlJoc&list=PLj6h78yzYM2Pw4mRw4S-1p_xLARMqPkA7&index=152&pp=iAQB
Mastering ApplicationSet: Advanced Argo CD Automation - Alexander Matyushentsev, Akuity,https://www.youtube.com/watch?v=9RvDczVIiS0&list=PLj6h78yzYM2Pw4mRw4S-1p_xLARMqPkA7&index=153&pp=iAQB
Harbor Project - The Maintainers Session What We Have Accomplished! - Orlin Vasilev & Vadim Bauer,https://www.youtube.com/watch?v=4wD6f4M-1Xs&list=PLj6h78yzYM2Pw4mRw4S-1p_xLARMqPkA7&index=154&pp=iAQB
Day 1 - KubeCon + CloudNativeCon North America Highlights,https://www.youtube.com/watch?v=bwX8tUy_gxQ&list=PLj6h78yzYM2Pw4mRw4S-1p_xLARMqPkA7&index=155&pp=iAQB
TUF: Secure Distribution Beyond Software - Marina Moore, Independent,https://www.youtube.com/watch?v=TxoowCvgt4w&list=PLj6h78yzYM2Pw4mRw4S-1p_xLARMqPkA7&index=156&pp=iAQB
A Tale of 2 Drivers: GPU Configuration on the Fly Using DRA- Alay Patel & Varun Ramachandra Sekar US,https://www.youtube.com/watch?v=xE_no5_6Ie0&list=PLj6h78yzYM2Pw4mRw4S-1p_xLARMqPkA7&index=157&pp=iAQB
Making Kubernetes Simpler for Accelerated Workloads - Panel,https://www.youtube.com/watch?v=HlDj-obxxwQ&list=PLj6h78yzYM2Pw4mRw4S-1p_xLARMqPkA7&index=158&pp=iAQB
Architecting the Future of AI: From Cloud-Native Orchestration to Advanced LL... Lily (Xiaoxuan) Liu,https://www.youtube.com/watch?v=vhvv5DQwo0s&list=PLj6h78yzYM2Pw4mRw4S-1p_xLARMqPkA7&index=159&pp=iAQB
Workload Identity Federation – Stop Using Long-Lived Credentials - Benjamin Dronen & Anjali Telang,https://www.youtube.com/watch?v=qqayHSkiNXU&list=PLj6h78yzYM2Pw4mRw4S-1p_xLARMqPkA7&index=160&pp=iAQB
Experience in Designing & Implementing a Cloud Native Framework... Braulio Dumba & Gloire Rubambiza,https://www.youtube.com/watch?v=YR_f6tIA1QY&list=PLj6h78yzYM2Pw4mRw4S-1p_xLARMqPkA7&index=161&pp=iAQB
Deep Dive Into Generic Control Planes and Kcp - Stefan Schimanski & Mangirdas Judeikis,https://www.youtube.com/watch?v=R9YUOo0MwqY&list=PLj6h78yzYM2Pw4mRw4S-1p_xLARMqPkA7&index=162&pp=iAQB
Taming Your Application’s Environments - Marcos Lilljedahl & Mauricio "Salaboy" Salatino,https://www.youtube.com/watch?v=PSenmCMU5mQ&list=PLj6h78yzYM2Pw4mRw4S-1p_xLARMqPkA7&index=163&pp=iAQB
Cloud Native Sustainability Speedrun: Tools from Infrastructure to... Saiyam Pathak & Saloni Narang,https://www.youtube.com/watch?v=X-0zyyWRkiM&list=PLj6h78yzYM2Pw4mRw4S-1p_xLARMqPkA7&index=164&pp=iAQB
Perform Laser Focused Deployments by Deciding in Advance the Blast Radius - Kostis Kapelonis,https://www.youtube.com/watch?v=95OFqU4UjiE&list=PLj6h78yzYM2Pw4mRw4S-1p_xLARMqPkA7&index=165&pp=iAQB
Scale Job Triggering with a Distributed Scheduler - Cassie Coyle & Artur Souza, Diagrid,https://www.youtube.com/watch?v=rMv4wbHhnxc&list=PLj6h78yzYM2Pw4mRw4S-1p_xLARMqPkA7&index=166&pp=iAQB
Secure by Design CI/CD: Practical Insights from Adobe and Autodesk - Vikram Sethi & Jesse Sanford,https://www.youtube.com/watch?v=gIkCVKTnCZw&list=PLj6h78yzYM2Pw4mRw4S-1p_xLARMqPkA7&index=167&pp=iAQB
Operationalizing High-Performance GPU Clusters in Kubernetes: Lessons Learne... Will Gleich & Wai Wu,https://www.youtube.com/watch?v=DPVFqvkIo5M&list=PLj6h78yzYM2Pw4mRw4S-1p_xLARMqPkA7&index=168&pp=iAQB
Can Your Kubernetes Network Handle the Heat? Building Resilien... Lior Lieberman & Surya Seetharaman,https://www.youtube.com/watch?v=2oTtpRpv3M8&list=PLj6h78yzYM2Pw4mRw4S-1p_xLARMqPkA7&index=169&pp=iAQB
All Your Routes Are Ready, More or Less - Dave Protasowski,https://www.youtube.com/watch?v=6eMplLH3NIw&list=PLj6h78yzYM2Pw4mRw4S-1p_xLARMqPkA7&index=170&pp=iAQB
Tutorial: A Mad Scientist's Guide to Automating CNI with Generative AI - Doug Smith, Red Hat, Inc,https://www.youtube.com/watch?v=tEVoXKtymIA&list=PLj6h78yzYM2Pw4mRw4S-1p_xLARMqPkA7&index=171&pp=iAQB
Architecting Tomorrow: The Heterogeneous Compute Resources for New Types of W... Alexander Kanevskiy,https://www.youtube.com/watch?v=jyovyLafMOs&list=PLj6h78yzYM2Pw4mRw4S-1p_xLARMqPkA7&index=172&pp=iAQB
Building Reliable Cross-Cloud Kubernetes Clusters on Spot Instances with Draf... Felicitas Pojtinger,https://www.youtube.com/watch?v=kGUN7aUBGTU&list=PLj6h78yzYM2Pw4mRw4S-1p_xLARMqPkA7&index=173&pp=iAQB
AI for Policy and Policy for AI! - P. Lamba, B. Kurktchiev, A. Suderman, R. Petty, J. Ray,https://www.youtube.com/watch?v=8NevGwP8NrY&list=PLj6h78yzYM2Pw4mRw4S-1p_xLARMqPkA7&index=174&pp=iAQB
TUF: Secure Distribution Beyond Software - Marina Moore, Independent,https://www.youtube.com/watch?v=8uv0OS57G3M&list=PLj6h78yzYM2Pw4mRw4S-1p_xLARMqPkA7&index=175&pp=iAQB
AI and ML: Let’s Talk About the Boring (yet Critical!) Operational Side- Rob Koch & Milad Vafaeifard,https://www.youtube.com/watch?v=5eQ1Kte-9Qw&list=PLj6h78yzYM2Pw4mRw4S-1p_xLARMqPkA7&index=176&pp=iAQB
Advanced Model Serving Techniques with Ray on Kubernetes - Andrew Sy Kim & Kai-Hsun Chen,https://www.youtube.com/watch?v=mASxYpfWUNU&list=PLj6h78yzYM2Pw4mRw4S-1p_xLARMqPkA7&index=177&pp=iAQB
The Hard Truth About GitOps and Database Rollbacks - Rotem Tamir, Ariga,https://www.youtube.com/watch?v=jMJ0JSSUmd8&list=PLj6h78yzYM2Pw4mRw4S-1p_xLARMqPkA7&index=178&pp=iAQB
GitOops... I Did It Again! Protecting Your GitOps System from Being Use... Oreen Livni & Elad Pticha,https://www.youtube.com/watch?v=Pz_Oua4L_AE&list=PLj6h78yzYM2Pw4mRw4S-1p_xLARMqPkA7&index=179&pp=iAQB
DNS Deep Dive in Kubernetes with CoreDNS - Jingming Guo, Airbnb,https://www.youtube.com/watch?v=lAUmdIGP_fE&list=PLj6h78yzYM2Pw4mRw4S-1p_xLARMqPkA7&index=180&pp=iAQB
Create & Distribute a Plugin for Kubernetes (Kubectl) in Few Minutes?... Aurélie Vache & Gaëlle Acas,https://www.youtube.com/watch?v=RoYnJtlbxE4&list=PLj6h78yzYM2Pw4mRw4S-1p_xLARMqPkA7&index=181&pp=iAQB
Choose Your Own Adventure: The Observability Odyssey - Whitney Lee & Viktor Farcic,https://www.youtube.com/watch?v=R3CFETvCBFU&list=PLj6h78yzYM2Pw4mRw4S-1p_xLARMqPkA7&index=182&pp=iAQB
Beyond 'Can You Mentor Me?'... Nitish Kumar, Wenjia Zhang, Jared Watts, Carol Valencia & Nabarun Pal,https://www.youtube.com/watch?v=oJBNV2XqIt8&list=PLj6h78yzYM2Pw4mRw4S-1p_xLARMqPkA7&index=183&pp=iAQB
Behind Schedule: Pod Resource Configuration from Beginning to... Huh? - Joe Thompson, Independent,https://www.youtube.com/watch?v=Y8lmJvy8hJg&list=PLj6h78yzYM2Pw4mRw4S-1p_xLARMqPkA7&index=184&pp=iAQB
Sponsored Keynote: Build Intelligent Applications with an Open, Flexible, and Data... Sudha Raghavan,https://www.youtube.com/watch?v=DccJSA3CcQs&list=PLj6h78yzYM2Pw4mRw4S-1p_xLARMqPkA7&index=185&pp=iAQB
Keynote: Engineering the Future of Generative AI Platforms on Kubernetes - Aparna Sinha,https://www.youtube.com/watch?v=atG5oJm6W-k&list=PLj6h78yzYM2Pw4mRw4S-1p_xLARMqPkA7&index=186&pp=iAQB
Keynote: Closing Remarks,https://www.youtube.com/watch?v=-MKr7Pg3BrE&list=PLj6h78yzYM2Pw4mRw4S-1p_xLARMqPkA7&index=187&pp=iAQB
Keynote: Welcome + Opening Remarks - Priyanka Sharma, Chris Aniszczyk, Joanna Lee & Jim Zemlin,https://www.youtube.com/watch?v=WI7wp8xwgkk&list=PLj6h78yzYM2Pw4mRw4S-1p_xLARMqPkA7&index=188&pp=iAQB
Keynote: Multicluster Batch Jobs Dispatching with Kueue at CERN - Ricardo Rocha & Marcin Wielgus,https://www.youtube.com/watch?v=xMmskWIlktA&list=PLj6h78yzYM2Pw4mRw4S-1p_xLARMqPkA7&index=189&pp=iAQB
Sponsored Keynote: Open Source-powered Cloud Native Creates the Future - Dirk-Peter van Leeuwen,https://www.youtube.com/watch?v=X1ysPHEdfj4&list=PLj6h78yzYM2Pw4mRw4S-1p_xLARMqPkA7&index=190&pp=iAQB
Keynote: Take a Peek Under the Hood of Cloud-Native AI at Scale - Chen Goldberg & Peter Salanki,https://www.youtube.com/watch?v=FvLvPiQ6zBc&list=PLj6h78yzYM2Pw4mRw4S-1p_xLARMqPkA7&index=191&pp=iAQB
Keynote: Paving the Way for AI Through Platform Engineering - Kasper Borg Nissen,https://www.youtube.com/watch?v=_E2Mkebe9Jg&list=PLj6h78yzYM2Pw4mRw4S-1p_xLARMqPkA7&index=192&pp=iAQB
Sponsored Keynote: The Future of GenAI: Cloud Native Blueprints with OPEA - Shirley Bailes,https://www.youtube.com/watch?v=ddrTvJFKtus&list=PLj6h78yzYM2Pw4mRw4S-1p_xLARMqPkA7&index=193&pp=iAQB
Keynote: NVIDIA Case Study: The Many Facets of Building + Delivering AI in the Cloud N... Chris Lamb,https://www.youtube.com/watch?v=81A31kH6ZB4&list=PLj6h78yzYM2Pw4mRw4S-1p_xLARMqPkA7&index=194&pp=iAQB
Day 0 - KubeCon + CloudNativeCon North America,https://www.youtube.com/watch?v=bHEBxXf7t6U&list=PLj6h78yzYM2Pw4mRw4S-1p_xLARMqPkA7&index=195&pp=iAQB
Gateway API: What's New, What's N... Christine Kim, Nick Young, Mattia Lavacca & Guilherme Cassolato,https://www.youtube.com/watch?v=reGxuaM7XBs&list=PLj6h78yzYM2Pw4mRw4S-1p_xLARMqPkA7&index=196&pp=iAQB
Tutorial: Kubernetes Smar... Changsu Lee, Raj Saha, Wilson Darko, Charlie McBride & Praseeda Sathaye,https://www.youtube.com/watch?v=3v7Srpx1HVc&list=PLj6h78yzYM2Pw4mRw4S-1p_xLARMqPkA7&index=197&pp=iAQB
Tutorial: Live with Gateway API V1.2 - Flynn, Buoyant & Mike Morris, Microsoft,https://www.youtube.com/watch?v=asbtOWQosxI&list=PLj6h78yzYM2Pw4mRw4S-1p_xLARMqPkA7&index=198&pp=iAQB
Shifting Gears: Leveraging CNCF Tools to Streamline Operations at To... Benson Phillips & Rob Heckel,https://www.youtube.com/watch?v=4w_AC81_GZM&list=PLj6h78yzYM2Pw4mRw4S-1p_xLARMqPkA7&index=199&pp=iAQB
What Istio Got Wrong: Learnings from the Last Seven Years of Service... Christian Posta & Louis Ryan,https://www.youtube.com/watch?v=XW10IpsTmH8&list=PLj6h78yzYM2Pw4mRw4S-1p_xLARMqPkA7&index=200&pp=iAQB
Tackling GPU Shortages and High Costs by Harnessing Hybrid Kubernetes... Xiaoman Dong & Alex Pucher,https://www.youtube.com/watch?v=sxv7XqhPVhE&list=PLj6h78yzYM2Pw4mRw4S-1p_xLARMqPkA7&index=201&pp=iAQB
The Maintainer Monologues - Sarah Christoff, Jason Hall, Scott Rigby, Karen Chu & Ryan Nowak,https://www.youtube.com/watch?v=Qf1_5rU-Fts&list=PLj6h78yzYM2Pw4mRw4S-1p_xLARMqPkA7&index=202&pp=iAQB
Pick My Project! Lessons Learned from Interviewing 20+ End User... Shedrack Akintayo & Bill Mulligan,https://www.youtube.com/watch?v=4EHJIkJbzCg&list=PLj6h78yzYM2Pw4mRw4S-1p_xLARMqPkA7&index=203&pp=iAQB
Kubernetes Workspaces: Enhancing Multi-Tenancy with Intelligent A... James Munnelly & Andrea Tosatto,https://www.youtube.com/watch?v=9otBF7iQJfI&list=PLj6h78yzYM2Pw4mRw4S-1p_xLARMqPkA7&index=204&pp=iAQB
Running Quantum-Safe Applications on Kubernetes - Paul Schweigert & Michael Maximilien, IBM Quantum,https://www.youtube.com/watch?v=6eQA15r6IHY&list=PLj6h78yzYM2Pw4mRw4S-1p_xLARMqPkA7&index=205&pp=iAQB
Running WebAssembly (Wasm) Workloads Side-by-Side with Container Workloads - Jiaxiao Zhou, Microsoft,https://www.youtube.com/watch?v=Bq5aTYyRBH0&list=PLj6h78yzYM2Pw4mRw4S-1p_xLARMqPkA7&index=206&pp=iAQB
Load-Aware GPU Fractioning for LLM Inference on Kubernetes - Olivier Tardieu & Yue Zhu, IBM,https://www.youtube.com/watch?v=HwWYb15wpOc&list=PLj6h78yzYM2Pw4mRw4S-1p_xLARMqPkA7&index=207&pp=iAQB
WASM + KWOK Wizardry: Writing and Testing Scheduler Plugins at... Dejan Pejchev & Jonathan Giannuzzi,https://www.youtube.com/watch?v=O-cFJJYZkcs&list=PLj6h78yzYM2Pw4mRw4S-1p_xLARMqPkA7&index=208&pp=iAQB
What if Kubernetes Was a Compiler Target? - David Morrison & Tim Goodwin,https://www.youtube.com/watch?v=QcYsGytNBe8&list=PLj6h78yzYM2Pw4mRw4S-1p_xLARMqPkA7&index=209&pp=iAQB
Democratizing AI Model Training on Kubernetes with Kubeflow Train... Andrey Velichkevich & Yuki Iwai,https://www.youtube.com/watch?v=Lgy4ir1AhYw&list=PLj6h78yzYM2Pw4mRw4S-1p_xLARMqPkA7&index=210&pp=iAQB
Unlocking Potential of Large Models in Production - Yuan Tang, Red Hat & Adam Tetelman, NVIDIA,https://www.youtube.com/watch?v=-xEpzaIvor4&list=PLj6h78yzYM2Pw4mRw4S-1p_xLARMqPkA7&index=211&pp=iAQB
Unlocking the Future of GPU Scheduling in Kubernetes with Reinforcemen... Nikunj Goyal & Aditi Gupta,https://www.youtube.com/watch?v=Bbg8Uujo6h4&list=PLj6h78yzYM2Pw4mRw4S-1p_xLARMqPkA7&index=212&pp=iAQB
Which GPU Sharing Strategy Is Right for You? A Comprehensive Benchmark St... Kevin Klues & Yuan Chen,https://www.youtube.com/watch?v=nOgxv_R13Dg&list=PLj6h78yzYM2Pw4mRw4S-1p_xLARMqPkA7&index=213&pp=iAQB
Managing and Distributing AI Models Using OCI Standards and Harbor - Steven Zou & Steven Ren,https://www.youtube.com/watch?v=Dhkb-gDn6NU&list=PLj6h78yzYM2Pw4mRw4S-1p_xLARMqPkA7&index=214&pp=iAQB
Tutorial: OpenTelemetry Hands-on - Automatic and Manual Inst... Tobias Angerstein & Tiffany Jernigan,https://www.youtube.com/watch?v=8CKgAyenEjo&list=PLj6h78yzYM2Pw4mRw4S-1p_xLARMqPkA7&index=215&pp=iAQB
Tutorial: Simplify and Optimize Your YAML with YAMLScript - Ingy döt Net, YAML LLC,https://www.youtube.com/watch?v=Cdi3Q4Wrt48&list=PLj6h78yzYM2Pw4mRw4S-1p_xLARMqPkA7&index=216&pp=iAQB
Tutorial: Stop Kubernetes' Revolving Door: A Hands-o... Savitha Raghunathan, Rey Lejano & Mahé Tardy,https://www.youtube.com/watch?v=j3kIxlQ4yH4&list=PLj6h78yzYM2Pw4mRw4S-1p_xLARMqPkA7&index=217&pp=iAQB
Platform Engineer... Paula Kennedy, Chris Plank, Suhail Patel, Jinhong Brejnholt & Rachael Wonnacott,https://www.youtube.com/watch?v=l49bsDqflT4&list=PLj6h78yzYM2Pw4mRw4S-1p_xLARMqPkA7&index=218&pp=iAQB
Kubernetes Upgrades: Less Pain, More Gain (and Maybe a Little Swearing) - Jago Macleod, Google,https://www.youtube.com/watch?v=e-6NCccsfO8&list=PLj6h78yzYM2Pw4mRw4S-1p_xLARMqPkA7&index=219&pp=iAQB
Micro-Segmentation and Multi-Tenancy: The Brown M&Ms of Platform... Jim Bugwadia & Rachael Wonnacott,https://www.youtube.com/watch?v=FaFId0alto0&list=PLj6h78yzYM2Pw4mRw4S-1p_xLARMqPkA7&index=220&pp=iAQB
Day 2 - KubeCon + CloudNativeCon North America Highlights,https://www.youtube.com/watch?v=-3QRZhloI6c&list=PLj6h78yzYM2Pw4mRw4S-1p_xLARMqPkA7&index=221&pp=iAQB
Modernization of Intuit Payroll Enterprise Using Event Driven Ar... Hema Maarimuthu & Vigith Maurice,https://www.youtube.com/watch?v=ukCLEYs2v5A&list=PLj6h78yzYM2Pw4mRw4S-1p_xLARMqPkA7&index=222&pp=iAQB
Medical Research Computing Infrastructure on Hybrid Kubernetes - Jennings Zhang,https://www.youtube.com/watch?v=vPtiZNkiEV0&list=PLj6h78yzYM2Pw4mRw4S-1p_xLARMqPkA7&index=223&pp=iAQB
How We Scale a Distributed SQL Database to 1 PB - Jinpeng Zhang, PingCAP,https://www.youtube.com/watch?v=0xerw8hfbSA&list=PLj6h78yzYM2Pw4mRw4S-1p_xLARMqPkA7&index=224&pp=iAQB
Kubernetes on Multisites – A Story About Stateful App, Hybrid Cl... Florian Coulombel & Jan Šafránek,https://www.youtube.com/watch?v=BaLVmNYDxO8&list=PLj6h78yzYM2Pw4mRw4S-1p_xLARMqPkA7&index=225&pp=iAQB
Object Storage Is All You Need - Justin Cormack, Docker,https://www.youtube.com/watch?v=ei0wwTy6_G4&list=PLj6h78yzYM2Pw4mRw4S-1p_xLARMqPkA7&index=226&pp=iAQB
Object, Block, or File Storage? Choosing the Right Cloud Storage to I... Mitch Becker & Tom McDonald,https://www.youtube.com/watch?v=N6myBTCuhR0&list=PLj6h78yzYM2Pw4mRw4S-1p_xLARMqPkA7&index=227&pp=iAQB
Privacy in the Age of Big Compute - Sal Kimmich, Confidential Computing Consortium, Linux Foundation,https://www.youtube.com/watch?v=r6zKVHBaz0w&list=PLj6h78yzYM2Pw4mRw4S-1p_xLARMqPkA7&index=228&pp=iAQB
Goodbye etcd! Running Kubernetes on Distributed PostgreSQL - Denis Magda, Yugabyte,https://www.youtube.com/watch?v=rd12ozQPlZA&list=PLj6h78yzYM2Pw4mRw4S-1p_xLARMqPkA7&index=229&pp=iAQB
Shopify’s Open Source Approach to Network Monitoring with eB... Sebastian Rabenhorst & Matt Franklin,https://www.youtube.com/watch?v=FpVjdaRVmA4&list=PLj6h78yzYM2Pw4mRw4S-1p_xLARMqPkA7&index=230&pp=iAQB
Gamifying Cloud Native: How to Design and Build an Educational Game... Calum Murray & Zainab Husain,https://www.youtube.com/watch?v=TTBKh6F4v-g&list=PLj6h78yzYM2Pw4mRw4S-1p_xLARMqPkA7&index=231&pp=iAQB
Tick, TAG, TOC - Keep... Karena Angell, Rajas Kakodkar, Alex Chircop, Ricardo Aravena & Marina Moore,https://www.youtube.com/watch?v=rKTAZQhMSJI&list=PLj6h78yzYM2Pw4mRw4S-1p_xLARMqPkA7&index=232&pp=iAQB
SPIFFE the Easy Way: Universal X509 and JWT Identities Using cert-manag... Tim Ramlot & Ashley Davis,https://www.youtube.com/watch?v=De2o-urGpQk&list=PLj6h78yzYM2Pw4mRw4S-1p_xLARMqPkA7&index=233&pp=iAQB
Powering Automatic Authorization in Envoy Through Live Traffic Inspection - Dom Del Nano,https://www.youtube.com/watch?v=_d5ff8QTmX4&list=PLj6h78yzYM2Pw4mRw4S-1p_xLARMqPkA7&index=234&pp=iAQB
Rogue No More: Securing Kubernetes with Node-Specific Restrictio... Anish Ramasekar & James Munnelly,https://www.youtube.com/watch?v=kznxInpGet4&list=PLj6h78yzYM2Pw4mRw4S-1p_xLARMqPkA7&index=235&pp=iAQB
Seccomp and eBPF; What’s the Difference? Why Do I Need to Kno... Natalia Reka Ivanko & Duffie Cooley,https://www.youtube.com/watch?v=UEdbaJpcxdY&list=PLj6h78yzYM2Pw4mRw4S-1p_xLARMqPkA7&index=236&pp=iAQB
Practical Supply Chain Security: Implementing SLSA Compliance from Build to Ru... Enguerrand Allamel,https://www.youtube.com/watch?v=0w_dBmvu5l8&list=PLj6h78yzYM2Pw4mRw4S-1p_xLARMqPkA7&index=237&pp=iAQB
SPIFFE Deployments in Non-Kubernetes Environments - Nadin El-Yabroudi & Eli Nesterov, SPIRL,https://www.youtube.com/watch?v=sflwuM_baG4&list=PLj6h78yzYM2Pw4mRw4S-1p_xLARMqPkA7&index=238&pp=iAQB
Seeing Double? Implementing Multicast with eBPF and Cilium - Louis DeLosSantos, Isovalent at Cisco,https://www.youtube.com/watch?v=DAcJjbozXxU&list=PLj6h78yzYM2Pw4mRw4S-1p_xLARMqPkA7&index=239&pp=iAQB
Love thy (Noisy) Neighbor: Strategies for Mitigating Performance Interference in C... Jonathan Perry,https://www.youtube.com/watch?v=s4FVutL3t3o&list=PLj6h78yzYM2Pw4mRw4S-1p_xLARMqPkA7&index=240&pp=iAQB
Supercharge Your Kubernetes Autoscaling with Custom... Vamshi Krishna Samudrala & Sravan Akinapally,https://www.youtube.com/watch?v=LrL9tRnAH0M&list=PLj6h78yzYM2Pw4mRw4S-1p_xLARMqPkA7&index=241&pp=iAQB
The Key Value of etcd Over Custom Resources: Scalability - Jef Spaleta, Isovalent at Cisco,https://www.youtube.com/watch?v=H3NYupSNMnA&list=PLj6h78yzYM2Pw4mRw4S-1p_xLARMqPkA7&index=242&pp=iAQB
Better Together! GPU, TPU and NIC Topological Alignment with DRA - John Belamaric & Patrick Ohly,https://www.youtube.com/watch?v=9CiEw1K0SwM&list=PLj6h78yzYM2Pw4mRw4S-1p_xLARMqPkA7&index=243&pp=iAQB
Building Massive-Scale Generative AI Services with Kubernetes and Open Source - John McBride,https://www.youtube.com/watch?v=wYzsPNfMF7A&list=PLj6h78yzYM2Pw4mRw4S-1p_xLARMqPkA7&index=244&pp=iAQB
Bloomberg’s Journey to Improve Resource Utilization in a Multi-Cluster Platf... Yao Weng & Leon Zhou,https://www.youtube.com/watch?v=lMtCSaHI9Uk&list=PLj6h78yzYM2Pw4mRw4S-1p_xLARMqPkA7&index=245&pp=iAQB
Cloud-Native AI: Wasm in Portable, Secure AI/ML Workloads - Miley Fu, Second State,https://www.youtube.com/watch?v=fFATl6Tm-uY&list=PLj6h78yzYM2Pw4mRw4S-1p_xLARMqPkA7&index=246&pp=iAQB
Best Practices for Deploying LLM Inference, RAG and Fine... Meenakshi Kaushik & Shiva Krishna Merla,https://www.youtube.com/watch?v=EmGe_58524g&list=PLj6h78yzYM2Pw4mRw4S-1p_xLARMqPkA7&index=247&pp=iAQB
Best of Both Worlds: Integrating Slurm with Kubernetes in... Eduardo Arango Gutierrez & Angel Beltre,https://www.youtube.com/watch?v=nmluCubbHY4&list=PLj6h78yzYM2Pw4mRw4S-1p_xLARMqPkA7&index=248&pp=iAQB
Share the Ride: Robust Multi-Tenancy in Kubernetes at Uber - Sashank Appireddy & Apoorva Jindal,https://www.youtube.com/watch?v=ka5oMGh2EiU&list=PLj6h78yzYM2Pw4mRw4S-1p_xLARMqPkA7&index=249&pp=iAQB
Still Don't Do What Charlie Don't Does - Making CRD Changes Safer - Nick Young, Isovalent,https://www.youtube.com/watch?v=k8prMXQtfqY&list=PLj6h78yzYM2Pw4mRw4S-1p_xLARMqPkA7&index=250&pp=iAQB
This Platform Goes to 11: Boost Developer Productivity with Lessons from Salesforce - Joe Kutner,https://www.youtube.com/watch?v=97VCvHyHxGU&list=PLj6h78yzYM2Pw4mRw4S-1p_xLARMqPkA7&index=251&pp=iAQB
Platform Engineering for Software Developers and Architects - Daniel Bryant, Syntasso,https://www.youtube.com/watch?v=qhfQfQmnNd4&list=PLj6h78yzYM2Pw4mRw4S-1p_xLARMqPkA7&index=252&pp=iAQB
Zero Downtime Upgrades at Scale: How Okta Manages Hundreds of Cluste... Jérémy Albuixech & Kahou Lei,https://www.youtube.com/watch?v=p5owrjrBm2w&list=PLj6h78yzYM2Pw4mRw4S-1p_xLARMqPkA7&index=253&pp=iAQB
Upgrade Safely: Avoid the Pitfalls of Kubernetes Versioning - Rob Scott, Google,https://www.youtube.com/watch?v=Xg0NWtSgmUE&list=PLj6h78yzYM2Pw4mRw4S-1p_xLARMqPkA7&index=254&pp=iAQB
What Containerd 2.0 Means for You - Samuel Karp, Google,https://www.youtube.com/watch?v=fDDSg2NVwO4&list=PLj6h78yzYM2Pw4mRw4S-1p_xLARMqPkA7&index=255&pp=iAQB
The Poli... Gabriel L. Manor, Andres Aguiar, Omri Gazitt, Pauline Jamin, Tyler Schade & Joy Scharmen,https://www.youtube.com/watch?v=AVA32aYObRE&list=PLj6h78yzYM2Pw4mRw4S-1p_xLARMqPkA7&index=256&pp=iAQB
OpenSearch: Navigating Innovation and C... Anandhi Bumstead, Anirudha Jadhav & Pallavi Priyadarshini,https://www.youtube.com/watch?v=tfz05JHNH6E&list=PLj6h78yzYM2Pw4mRw4S-1p_xLARMqPkA7&index=257&pp=iAQB
Why Perfect Compliance Is the Enemy of Good Kubernetes Security - Michele Chubirka, Google,https://www.youtube.com/watch?v=TMZA4y9hslU&list=PLj6h78yzYM2Pw4mRw4S-1p_xLARMqPkA7&index=258&pp=iAQB
Open Source 2.0: The Ma... William Morgan, Ashley Davis, Deepthi Sigireddi, Emily Omier & Matt Bates,https://www.youtube.com/watch?v=9IhV67Xwy0M&list=PLj6h78yzYM2Pw4mRw4S-1p_xLARMqPkA7&index=259&pp=iAQB
Introduction to Distributed ML Workloads with Ray on Kubernetes - Mofi Rahman & Abdel Sghiouar,https://www.youtube.com/watch?v=M5FAI2kmcdE&list=PLj6h78yzYM2Pw4mRw4S-1p_xLARMqPkA7&index=260&pp=iAQB
Faster Containerized LLM Serving via Knowledge Sharing - Junchen Jiang & Zhou Sun,https://www.youtube.com/watch?v=h6EieVrmPGw&list=PLj6h78yzYM2Pw4mRw4S-1p_xLARMqPkA7&index=261&pp=iAQB
Migratory Patterns: Making Architectural Transitions with Confidence and Grace - Pete Hodgson,https://www.youtube.com/watch?v=oOHnDhPH3YQ&list=PLj6h78yzYM2Pw4mRw4S-1p_xLARMqPkA7&index=262&pp=iAQB
Achieving and Maintaining a Healthy CI with Ze... Antonio Ojea, Michelle Shepardson & Benjamin Elder,https://www.youtube.com/watch?v=hl3jjCTTL50&list=PLj6h78yzYM2Pw4mRw4S-1p_xLARMqPkA7&index=263&pp=iAQB
Working Together to Improve Security Visibility in Kubernetes - Rita Zhang & Jeremy Rickard,https://www.youtube.com/watch?v=f-NJptXlp5I&list=PLj6h78yzYM2Pw4mRw4S-1p_xLARMqPkA7&index=264&pp=iAQB
Pushing Authorization Further: CEL, Selectors and Maybe RBAC... Mo Khan, Rita Zhang & Jordan Liggitt,https://www.youtube.com/watch?v=pIrJRPv-Wbg&list=PLj6h78yzYM2Pw4mRw4S-1p_xLARMqPkA7&index=265&pp=iAQB
Navigating the Future: Exploring the Latest in Kubernetes D... Marcin Maciaszczyk & Sebastian Florek,https://www.youtube.com/watch?v=WMC8iiga26Q&list=PLj6h78yzYM2Pw4mRw4S-1p_xLARMqPkA7&index=266&pp=iAQB
Discover CNCF TAG Runtime: From AI... Stephen Rust, Rajas Kakodkar, Danielle Tal & Ricardo Aravena,https://www.youtube.com/watch?v=pF2r6VfTXPU&list=PLj6h78yzYM2Pw4mRw4S-1p_xLARMqPkA7&index=267&pp=iAQB
Crossplane Intro and Deep Dive - The Cloud Native Control Plan... Jared Watts & Mark Anderson-Trocme,https://www.youtube.com/watch?v=9orgZBxCQhc&list=PLj6h78yzYM2Pw4mRw4S-1p_xLARMqPkA7&index=268&pp=iAQB
KubeVirt: Enhancements and the Road Ahead - Vladik Romanovsky & David Vossel, Red Hat,https://www.youtube.com/watch?v=9xq-iHAiLlg&list=PLj6h78yzYM2Pw4mRw4S-1p_xLARMqPkA7&index=269&pp=iAQB
Strimzi: Data Streaming on Kubernetes with Apache Kafka - Jakub Scholz & Yaodong Yang,https://www.youtube.com/watch?v=q6WYs8AEEDk&list=PLj6h78yzYM2Pw4mRw4S-1p_xLARMqPkA7&index=270&pp=iAQB
Running a Highly Available Identity and Access Management with... Ryan Emerson & Kameswararao Akella,https://www.youtube.com/watch?v=gDFWBQO31M4&list=PLj6h78yzYM2Pw4mRw4S-1p_xLARMqPkA7&index=271&pp=iAQB
CRI-O Features for Fun and Profit - Peter Hunt & Sohan Kunkerkar, Red Hat,https://www.youtube.com/watch?v=6-OTdYwhKQQ&list=PLj6h78yzYM2Pw4mRw4S-1p_xLARMqPkA7&index=272&pp=iAQB
Public Technical Oversight Committee (TOC) Meeting - Moderated by Chris Aniszczyk,https://www.youtube.com/watch?v=d49Bld7c3Uw&list=PLj6h78yzYM2Pw4mRw4S-1p_xLARMqPkA7&index=273&pp=iAQB
Vitess: Introduction, New Features and Runni... Deepthi Sigireddi, Derek Perkins & Sudhi Vijayakumar,https://www.youtube.com/watch?v=MZXToqM8mds&list=PLj6h78yzYM2Pw4mRw4S-1p_xLARMqPkA7&index=274&pp=iAQB
CoreDNS Plugins: A Deep Dive - John Belamaric, Google & Yong Tang, Ivanti,https://www.youtube.com/watch?v=av2duJhlaTw&list=PLj6h78yzYM2Pw4mRw4S-1p_xLARMqPkA7&index=275&pp=iAQB
Rook: Intro and Deep Dive with Ceph... Travis Nielsen, Annette Clewett, Blaine Gardner & Subham Rai,https://www.youtube.com/watch?v=qB5IQ9DOMbQ&list=PLj6h78yzYM2Pw4mRw4S-1p_xLARMqPkA7&index=276&pp=iAQB
Thanos: Intro and Updates - Ben Ye, Amazon Web Services,https://www.youtube.com/watch?v=SR2sG4wno-s&list=PLj6h78yzYM2Pw4mRw4S-1p_xLARMqPkA7&index=277&pp=iAQB
What's New in Operator Framew... Bryce Palmer, Rashmi Gottipati, Lalatendu Mohanty & Attila Meszaros,https://www.youtube.com/watch?v=V0NYHt2yjcM&list=PLj6h78yzYM2Pw4mRw4S-1p_xLARMqPkA7&index=278&pp=iAQB
Are Your Microservices Truly Scaling? A Framework for Unlocking the Stateful Bac... Matthew Penaroza,https://www.youtube.com/watch?v=mm5lR0CqY8I&list=PLj6h78yzYM2Pw4mRw4S-1p_xLARMqPkA7&index=279&pp=iAQB
What’s Going on in the Conta... Phil Estes, Samuel Karp, Akihiro Suda, Michael Brown & Kirtana Ashok,https://www.youtube.com/watch?v=SDG6Um9JPxU&list=PLj6h78yzYM2Pw4mRw4S-1p_xLARMqPkA7&index=280&pp=iAQB
Meet the CNCF Code of Cond... Bill Mulligan, Carla Gaggini, Josh Berkus, Jeremy Rickard & Tim Pepper,https://www.youtube.com/watch?v=Xq2_I-eHn3Q&list=PLj6h78yzYM2Pw4mRw4S-1p_xLARMqPkA7&index=281&pp=iAQB
WG Batch Updates: What’s New and What Is Next - Marcin Wielgus, Google & Kevin Hannon, Red Hat,https://www.youtube.com/watch?v=C2ABOEzZTWg&list=PLj6h78yzYM2Pw4mRw4S-1p_xLARMqPkA7&index=282&pp=iAQB
Bloomberg's Journey to Manage a Multi-Cluster Training Application wi... Yifan Zhang & Wei-Cheng Lai,https://www.youtube.com/watch?v=PmaiEKpM1-Q&list=PLj6h78yzYM2Pw4mRw4S-1p_xLARMqPkA7&index=283&pp=iAQB
Ten Years of gRPC: Looking Back and Looking Forward - Kevin Nilson & Israel Shapiro,https://www.youtube.com/watch?v=yIEvtdOjhBY&list=PLj6h78yzYM2Pw4mRw4S-1p_xLARMqPkA7&index=284&pp=iAQB